<?xml version="1.0" encoding="UTF-8"?>
<project-private xmlns="http://www.netbeans.org/ns/project-private/1">
    <editor-bookmarks xmlns="http://www.netbeans.org/ns/editor-bookmarks/2" lastBookmarkId="0"/>
    <open-files xmlns="http://www.netbeans.org/ns/projectui-open-files/2">
        <group>
            <file>file:/D:/Môn%20LẬP%20TRÌNH%20JAVA/Đồ%20án%20cúi%20kỳ/Linda/src/linda/Login_Form.java</file>
            <file>file:/D:/Môn%20LẬP%20TRÌNH%20JAVA/Đồ%20án%20cúi%20kỳ/Linda/src/linda/reg.java</file>
            <file>file:/D:/Môn%20LẬP%20TRÌNH%20JAVA/Đồ%20án%20cúi%20kỳ/Linda/src/linda/Register_Form.java</file>
        </group>
    </open-files>
</project-private>
